{"__symbolic":"module","version":4,"metadata":{"ɵa":{"__symbolic":"function"},"StorageConfig":{"__symbolic":"interface"},"StorageConfigToken":{"__symbolic":"new","expression":{"__symbolic":"reference","module":"@angular/core","name":"InjectionToken","line":249,"character":38},"arguments":["STORAGE_CONFIG_TOKEN"]},"Storage":{"__symbolic":"class","members":{"__ctor__":[{"__symbolic":"constructor","parameters":[{"__symbolic":"reference","name":"any"}]}],"ready":[{"__symbolic":"method"}],"_getDriverOrder":[{"__symbolic":"method"}],"get":[{"__symbolic":"method"}],"set":[{"__symbolic":"method"}],"remove":[{"__symbolic":"method"}],"clear":[{"__symbolic":"method"}],"length":[{"__symbolic":"method"}],"keys":[{"__symbolic":"method"}],"forEach":[{"__symbolic":"method"}]}},"IonicStorageModule":{"__symbolic":"class","decorators":[{"__symbolic":"call","expression":{"__symbolic":"reference","module":"@angular/core","name":"NgModule","line":11,"character":1}}],"members":{},"statics":{"forRoot":{"__symbolic":"function","parameters":["storageConfig"],"defaults":[null],"value":{"ngModule":{"__symbolic":"reference","name":"IonicStorageModule"},"providers":[{"provide":{"__symbolic":"reference","name":"StorageConfigToken"},"useValue":{"__symbolic":"reference","name":"storageConfig"}},{"provide":{"__symbolic":"reference","name":"Storage"},"useFactory":{"__symbolic":"reference","name":"ɵa"},"deps":[{"__symbolic":"reference","name":"StorageConfigToken"}]}]}}}}},"origins":{"ɵa":"./storage","StorageConfig":"./storage","StorageConfigToken":"./storage","Storage":"./storage","IonicStorageModule":"./index"},"importAs":"@ionic/storage"}